Time,SpineBase_x,SpineBase_y,SpineBase_z,SpineMid_x,SpineMid_y,SpineMid_z,Neck_x,Neck_y,Neck_z,Head_x,Head_y,Head_z,ShoulderLeft_x,ShoulderLeft_y,ShoulderLeft_z,ElbowLeft_x,ElbowLeft_y,ElbowLeft_z,WristLeft_x,WristLeft_y,WristLeft_z,HandLeft_x,HandLeft_y,HandLeft_z,ShoulderRight_x,ShoulderRight_y,ShoulderRight_z,ElbowRight_x,ElbowRight_y,ElbowRight_z,WristRight_x,WristRight_y,WristRight_z,HandRight_x,HandRight_y,HandRight_z,HipLeft_x,HipLeft_y,HipLeft_z,KneeLeft_x,KneeLeft_y,KneeLeft_z,AnkleLeft_x,AnkleLeft_y,AnkleLeft_z,FootLeft_x,FootLeft_y,FootLeft_z,HipRight_x,HipRight_y,HipRight_z,KneeRight_x,KneeRight_y,KneeRight_z,AnkleRight_x,AnkleRight_y,AnkleRight_z,FootRight_x,FootRight_y,FootRight_z,SpineShoulder_x,SpineShoulder_y,SpineShoulder_z,HandTipLeft_x,HandTipLeft_y,HandTipLeft_z,ThumbLeft_x,ThumbLeft_y,ThumbLeft_z,HandTipRight_x,HandTipRight_y,HandTipRight_z,ThumbRight_x,ThumbRight_y,ThumbRight_z,Floor_x,Floor_y,Floor_z,Floor_w
7.14515972,-0.138314292,-0.965809643,2.43423963,-0.08723413,-0.6591816,2.27108121,-0.04097341,-0.355973482,2.09493184,-0.0487678275,-0.2821559,1.98556483,-0.141208291,-0.402867854,2.24612617,-0.34817782,-0.433254659,1.96503341,-0.219792917,-0.637006164,1.892459,-0.124249436,-0.670082152,1.85250509,0.2291387,-0.362063169,2.27281141,0.0707806647,-0.3470169,1.958802,0.0240972284,-0.656930745,1.94674826,-0.02515686,-0.694933534,1.89335465,-0.196476281,-0.9457836,2.380652,-0.444751054,-1.26615381,2.274687,-0.117579639,-1.12054265,2.48008633,-0.1847288,-1.118067,2.31900716,-0.07587864,-0.9574821,2.417155,0.0744244754,-1.33592165,2.324079,0.3413489,-1.03052354,2.419639,0.222518,-1.09265065,2.34130168,-0.052007027,-0.4304407,2.145021,-0.0571824722,-0.7297037,1.85420835,-0.102477521,-0.7242629,1.8705,-0.05191073,-0.776056468,1.916158,-0.07325021,-0.656158745,1.81742036,-0.0138705587,0.976114333,-0.21681419,1.65599179
7.17815971,-0.143751934,-0.9613873,2.43876982,-0.08806029,-0.65383184,2.27342343,-0.03442863,-0.344446748,2.09515119,-0.04273428,-0.276379645,1.98748958,-0.127676055,-0.3879212,2.26029062,-0.340507716,-0.423189431,1.98437548,-0.290959954,-0.6426559,1.869198,-0.1923087,-0.6563027,1.84185815,0.243384212,-0.3468729,2.28726482,0.101938464,-0.416845024,1.97291362,0.104911253,-0.662329257,1.97954261,0.0462517068,-0.7074604,1.9525013,-0.204640374,-0.9345534,2.38662219,-0.250270724,-1.14309824,2.27623034,-0.1697943,-1.184842,2.26656818,-0.258467317,-1.11211336,2.23604321,-0.07928248,-0.956977,2.41963625,0.038623713,-1.3473115,2.33819,-0.04673713,-0.936346948,2.30935955,-0.0623351522,-1.06348491,2.25255466,-0.0483713858,-0.422048569,2.144506,-0.13540931,-0.7147412,1.81432915,-0.208126873,-0.669747353,1.83145463,0.0356836468,-0.7608237,1.93624485,0.035159342,-0.6711613,1.94548154,-0.0138705587,0.976114333,-0.21681419,1.65599179
7.211164,-0.1564833,-0.963239,2.43113,-0.09613502,-0.654128969,2.264799,-0.0385860726,-0.344903022,2.083153,-0.0442339927,-0.27525866,1.98063183,-0.1379728,-0.400253475,2.25310731,-0.355293363,-0.4199548,1.97917843,-0.2868805,-0.6179823,1.83486712,-0.200390413,-0.6716524,1.80413258,0.2386371,-0.355602235,2.28376937,0.114195973,-0.404048055,1.96452,0.12224634,-0.6499433,1.96508622,0.0930277258,-0.7312798,1.961978,-0.217355251,-0.933827043,2.37742686,-0.271775216,-1.21505523,2.25116754,-0.456093848,-0.9374933,2.49193478,-0.365441084,-1.00406635,2.37088656,-0.09223663,-0.962713,2.41173983,0.0251660161,-1.35311842,2.330211,-0.05718358,-0.9409973,2.33282614,-0.06286014,-1.06644642,2.26297426,-0.0534823462,-0.422234982,2.13175368,-0.145122364,-0.7360996,1.781387,-0.151102483,-0.6543024,1.82012486,0.06736311,-0.7962563,1.956499,0.06958416,-0.7181313,1.97000015,-0.0138705587,0.976114333,-0.21681419,1.65599179
7.244675,-0.128563717,-0.822021365,2.279189,-0.09233517,-0.4908477,2.05835319,-0.0559729822,-0.161925614,1.82199693,-0.08400824,-0.145412773,1.70473969,-0.1540356,-0.144122317,1.87665188,-0.402493775,-0.367040753,1.9041642,-0.3472249,-0.595009863,1.8117888,-0.267746836,-0.6504599,1.76724637,0.22616908,-0.101112179,1.90802634,0.1463857,-0.3360896,1.96276331,0.2227341,-0.569575548,1.972213,0.197235987,-0.676389754,1.96835959,-0.21519953,-0.7967212,2.22994041,-0.260075241,-1.17117548,2.2789247,-0.428209931,-0.8551574,2.48460674,-0.3623348,-0.9491205,2.37177038,-0.037759237,-0.8204534,2.2539494,0.0500402823,-1.21428323,2.281037,-0.08857675,-0.8176354,2.28268433,-0.08395378,-0.948699,2.244499,-0.0650778338,-0.243643463,1.8838973,-0.20453991,-0.7240872,1.731755,-0.23382853,-0.6311389,1.76416659,0.197131336,-0.7448221,1.96238494,0.157223627,-0.6758971,1.93216681,-0.0138705587,0.976114333,-0.21681419,1.65599179
7.27767563,-0.160733491,-0.8408826,2.38676,-0.118330419,-0.534159243,2.16401052,-0.07574018,-0.229003772,1.92627358,-0.10421896,-0.214585751,1.8087728,-0.173564509,-0.210999072,1.98096347,-0.4386484,-0.350575268,1.87909937,-0.333690882,-0.5911378,1.731826,-0.2736518,-0.6526771,1.69863975,0.206012532,-0.1680488,2.01250172,0.0513656326,-0.349300772,1.91492832,0.289959073,-0.527018547,1.98151064,0.309083164,-0.595595241,1.985322,-0.2124697,-0.828878,2.33918619,-0.275080264,-1.222261,2.38708353,-0.3996227,-0.851947546,2.22877622,-0.329280257,-0.964164555,2.22237229,-0.103986636,-0.8266208,2.35977674,0.0497173332,-1.20614588,2.26572943,-0.07477914,-0.834525347,2.40716076,-0.0521818027,-0.9560237,2.32255578,-0.0864163563,-0.304956377,1.988462,-0.225796089,-0.695426047,1.6864233,-0.228720531,-0.6394283,1.67188489,0.33722496,-0.659798443,1.97856092,0.289619178,-0.6401836,1.89933336,-0.0138705587,0.976114333,-0.21681419,1.65599179
7.31068039,-0.151265576,-0.7794148,2.34819365,-0.112633109,-0.459427267,2.11717176,-0.0737426,-0.141806483,1.87087393,-0.102324322,-0.124389127,1.75364411,-0.171655744,-0.1241263,1.92549515,-0.444062144,-0.2643939,1.83306456,-0.447912484,-0.488561034,1.71501744,-0.374957353,-0.540305734,1.65960586,0.208273128,-0.08116803,1.95696247,-0.01817517,-0.192005232,1.953959,0.298635721,-0.289072335,2.00160575,0.3600314,-0.367877215,2.00388169,-0.202897608,-0.765743256,2.30772543,-0.2769156,-1.15970862,2.336849,-0.465012342,-0.7912066,2.39424086,-0.382906675,-0.897489369,2.32411742,-0.09479974,-0.7681806,2.313627,0.06015793,-1.15015078,2.24104977,-0.103977293,-0.8080603,2.40999913,-0.04863635,-0.92272985,2.33136058,-0.08350388,-0.220695823,1.93522823,-0.337610722,-0.621368051,1.61948788,-0.328969747,-0.5357615,1.6420399,0.408063859,-0.43188554,2.007578,0.3287689,-0.329728425,1.945,-0.0138705587,0.976114333,-0.21681419,1.65599179
7.345191,-0.166946754,-0.7097491,2.319989,-0.132351145,-0.4113666,2.10055351,-0.08988566,-0.123857252,1.867541,-0.119084984,-0.105771318,1.75030184,-0.187729612,-0.1062523,1.92212963,-0.466533184,-0.208955,1.77636683,-0.41389063,-0.434709072,1.6059947,-0.3679613,-0.4927303,1.56675768,0.192232639,-0.06330363,1.95367682,-0.0508937724,-0.03339705,1.87213087,0.243597314,-0.149047345,1.97542846,0.342086226,-0.120793685,1.99587965,-0.218635634,-0.7045344,2.2474544,-0.383400381,-0.6409238,1.94844353,-0.3276384,-1.05376494,2.34302258,-0.245091379,-1.11394227,2.26134562,-0.109873481,-0.691857338,2.3169415,0.0333135352,-1.07961619,2.24139237,-0.127216145,-0.7348832,2.407911,-0.0896695554,-0.8592201,2.33757782,-0.100784905,-0.196510643,1.92924988,-0.335156381,-0.5468054,1.55275059,-0.314215451,-0.491351336,1.5515,0.355264,-0.129022732,1.98972619,0.3481936,-0.1379117,1.96766663,-0.0138705587,0.976114333,-0.21681419,1.65599179
7.376189,-0.196833283,-0.0746113658,2.450209,-0.1520139,-0.0537209027,2.13880157,-0.106728941,-0.03276877,1.81434512,-0.136769965,-0.0112413671,1.69711781,-0.204563558,-0.0155470353,1.868856,-0.4462853,-0.07458877,1.75321019,-0.5058921,-0.2607645,1.58804631,-0.450110584,-0.322296351,1.532742,0.175743237,0.0273969341,1.900444,-0.06478905,0.0563737378,1.80969048,0.233278632,0.0167192388,1.948982,0.460024118,-0.04063845,2.06562543,-0.282768935,-0.08422273,2.39893961,-0.269137025,-0.483560115,2.21002531,-0.329037577,-1.05081153,2.34610367,-0.283355922,-1.1219995,2.26340413,-0.104563981,-0.06259587,2.42247367,-0.0263431724,-0.446262062,2.2121067,-0.0540977679,-0.794794559,2.413563,-0.04259174,-0.917843461,2.32791376,-0.118138529,-0.0380175747,1.89799488,-0.416663259,-0.392080635,1.4680711,-0.4088032,-0.338995844,1.47300017,0.5106417,-0.09958134,2.149074,0.412344873,-0.0324649,2.042,-0.0138705587,0.976114333,-0.21681419,1.65599179
7.410194,-0.169320092,-0.0935026854,2.4152348,-0.10895358,0.0130491052,2.10383463,-0.04959849,0.117829591,1.7801218,-0.07748836,0.145364746,1.662741,-0.147753313,0.134351268,1.83468211,-0.425279468,0.0354594551,1.72058487,-0.5082174,-0.141513512,1.55486667,-0.4731901,-0.210644946,1.49362445,0.232691973,0.177202925,1.86581755,-0.008445358,0.2048001,1.77529943,0.26142928,0.17425105,1.96027935,0.364860266,0.1801873,2.0450685,-0.253341436,-0.104007013,2.354448,-0.269223958,-0.5130497,2.19716215,-0.364179075,-1.08106267,2.345298,-0.2945046,-1.13689768,2.26524663,-0.0827366859,-0.0778658539,2.39965582,-0.0299614854,-0.4378319,2.1370554,-0.0134486975,-0.9855998,2.25963354,-0.0616455078,-1.07617188,2.234375,-0.06438974,0.09210106,1.86360383,-0.440922856,-0.279194325,1.41879034,-0.442909718,-0.206000164,1.50708711,0.4005342,0.134255379,2.06281137,0.3945381,0.123037875,2.046,-0.0138705587,0.976114333,-0.21681419,1.65599179
7.44470263,-0.145113349,-0.138983354,2.3713026,-0.09276639,0.0393886343,2.06191778,-0.0406044461,0.21364221,1.73877478,-0.06820547,0.245196849,1.62084413,-0.138853818,0.229695752,1.79336858,-0.438570738,0.135477677,1.7003665,-0.496058822,-0.126806438,1.49686182,-0.474969536,-0.180785716,1.46510637,0.241780668,0.272475719,1.82437944,0.000462519616,0.299162,1.733982,0.23331733,0.2988309,1.96209061,0.330530763,0.309740543,2.062146,-0.230151474,-0.145243138,2.31723833,-0.288142055,-0.5609446,2.21553445,-0.3678683,-1.08028138,2.34760475,-0.300719917,-1.14452648,2.27964926,-0.0552675538,-0.128095359,2.34635043,-0.0181757715,-0.497944653,2.09822,-0.05063158,-0.879312754,2.23407483,0.0364685059,-0.926269531,2.17382813,-0.053597074,0.170911342,1.822128,-0.4541251,-0.2381783,1.42811131,-0.423211068,-0.192339242,1.45619047,0.364495754,0.263266146,2.08541441,0.318425655,0.288964719,2.07807684,-0.0138705587,0.976114333,-0.21681419,1.65599179
7.477704,-0.214154154,0.04101297,2.4557848,-0.164022937,0.04939046,2.17624736,-0.11353413,0.0571545,1.88365662,-0.143556088,0.082018,1.76631975,-0.211246639,0.07394989,1.93815541,-0.4794389,0.137086675,1.72461963,-0.5977008,-0.0178555,1.55864906,-0.567126751,-0.101613671,1.52915454,0.16862838,0.116804391,1.96972036,-0.0715697259,0.144960731,1.87893319,0.182202131,0.3191287,2.00153327,0.298439115,0.3672019,2.1122973,-0.291818649,0.030835,2.411426,-0.300058961,-0.3885275,2.2873776,-0.3877449,-0.9319001,2.367164,-0.3511155,-1.054355,2.29690218,-0.129598588,0.04987294,2.42118549,-0.0621007979,-0.337285161,2.210072,-0.164653674,-0.709571,2.34069061,-0.0777360052,-0.7628266,2.2063024,-0.126229376,0.0553307943,1.95933914,-0.5535898,-0.175981432,1.46007991,-0.5449045,-0.149875566,1.43325007,0.299209476,0.36196515,2.104133,0.297442347,0.3548667,2.09125638,-0.0138705587,0.976114333,-0.21681419,1.65599179
7.51071,-0.2185257,0.04542927,2.45253658,-0.153324768,0.06641282,2.17352462,-0.06794767,0.09926721,1.88367176,-0.09627441,0.1257007,1.7663635,-0.165868342,0.115878627,1.93822479,-0.399885178,0.246231958,1.72231364,-0.639206,0.0203163885,1.63684547,-0.6675318,-0.06838098,1.61411989,0.213969126,0.158692986,1.96950924,-0.0266003758,0.18648465,1.8788861,0.0486537851,-0.144040287,1.86476672,0.0578658171,-0.18036209,1.92919183,-0.292841375,0.0346484743,2.40636373,-0.2948814,-0.38170442,2.267158,-0.4198305,-1.03198,2.33955121,-0.357280672,-1.12648332,2.263142,-0.139373124,0.0560406335,2.41955042,-0.027750982,-0.270086855,2.12601042,-0.118670262,-0.7778116,2.18770361,-0.04529143,-0.728555262,2.08116436,-0.0875883,0.09386991,1.958263,-0.680216253,-0.130185917,1.60722959,-0.625327647,-0.109424829,1.5695262,0.0316715464,-0.270630747,1.90293443,0.09389316,-0.205169782,1.84670758,-0.0138705587,0.976114333,-0.21681419,1.65599179
7.54522038,-0.2038839,0.276295185,2.40090418,-0.122808374,0.198108971,2.162122,-0.046980232,0.116364248,1.90540957,-0.07447873,0.143354312,1.78810179,-0.144965068,0.132903576,1.95999432,-0.425271243,0.231968015,1.780497,-0.680704832,0.141772255,1.73468339,-0.744716167,0.06173339,1.73139572,0.234724283,0.175685331,1.99116,0.0367533341,-0.09018727,1.99071741,0.09573202,-0.242496356,1.79167926,0.113829449,-0.24953486,1.80813909,-0.275622785,0.258690059,2.35245323,-0.282456368,-0.164176762,2.22490621,-0.4106803,-0.681957,2.37929654,-0.386257559,-0.8111666,2.31224,-0.125493467,0.284869164,2.37089348,-0.01059788,-0.07245407,2.11856985,-0.214375153,-0.3559303,2.32637262,-0.170734048,-0.4679053,2.21565461,-0.0624627471,0.139525428,1.97561443,-0.803981245,-0.00653400645,1.72404063,-0.7427945,-0.008072174,1.7025882,0.11318025,-0.245012179,1.7918191,0.109989353,-0.231985748,1.76440668,-0.0138705587,0.976114333,-0.21681419,1.65599179
7.57822,-0.170619622,0.157675043,2.363895,-0.202552736,0.1991798,2.04129624,-0.231886744,0.237919316,1.7058605,-0.267303437,0.2705025,1.586737,-0.329164237,0.25380227,1.76022971,-0.569522858,0.279733032,1.79053581,-0.777291,0.129806116,1.83503,-0.8256248,0.08235333,1.85046983,0.0516962558,0.29676488,1.79247308,0.0287665576,0.08042369,1.64529812,0.0880989954,-0.190815,1.82283509,0.08379261,-0.212237179,1.83243334,-0.259845018,0.140279,2.32094884,-0.274454325,-0.269629717,2.15171766,-0.406055242,-0.7765688,2.33082461,-0.385655433,-0.904833734,2.26490283,-0.07568977,0.169807345,2.32790828,0.03051,-0.178694174,2.05995131,-0.154171586,-0.775575,2.1867044,-0.08235146,-0.680094361,2.07125783,-0.225066662,0.228781745,1.79218566,-0.875771,0.02200319,1.9031539,-0.8170451,0.0405804925,1.82857072,0.0946068838,-0.286448568,1.8708961,0.121760286,-0.204683632,1.78351665,-0.0138705587,0.976114333,-0.21681419,1.65599179
7.61022663,-0.16888462,0.17265512,2.36046457,-0.199360788,0.205556437,2.038396,-0.227525726,0.239770144,1.7029779,-0.262789845,0.272454679,1.58386481,-0.3248294,0.255642682,1.75735092,-0.559999645,0.305907279,1.82747221,-0.7805134,0.204025909,1.93670154,-0.8289027,0.16553323,1.96313679,0.0560526773,0.2986026,1.78956664,0.0441161655,0.07286916,1.656994,0.01654742,-0.15492332,1.86833513,0.0711527,-0.204399735,1.8640368,-0.258814484,0.156521529,2.31642556,-0.269239962,-0.241307914,2.11319041,-0.32113,-0.582259059,2.32442784,-0.312240124,-0.7118309,2.24893212,-0.07337156,0.183164641,2.32549238,0.00354831642,-0.1623207,2.04213715,-0.166286319,-0.6506755,2.242814,-0.07371628,-0.6618909,2.09527254,-0.221105039,0.231529549,1.78940558,-0.910273731,0.136042967,2.05705118,-0.8119723,0.12268541,1.95264518,0.0673130453,-0.302980036,1.90295839,0.111444719,-0.207886159,1.79768336,-0.0138705587,0.976114333,-0.21681419,1.65599179
7.644736,-0.1772766,0.18973957,2.35583282,-0.1963839,0.211749524,2.03315568,-0.209308282,0.238735721,1.69163179,-0.243933409,0.271493554,1.57262719,-0.306722939,0.254609138,1.74601614,-0.508188248,0.3443128,1.85991168,-0.761272967,0.290232241,2.049163,-0.8031653,0.249861389,2.07503629,0.07425209,0.297560245,1.77812052,0.043107532,0.06863168,1.6552422,0.0143941734,-0.150780573,1.87358,0.06819548,-0.216756031,1.89115429,-0.272272021,0.1802369,2.300002,-0.2683405,-0.219095856,2.09869266,-0.3219647,-0.5526562,2.3203814,-0.316650271,-0.6830451,2.24601078,-0.07861618,0.196268842,2.32861018,-0.02404598,-0.1999229,2.12779164,-0.105083957,-0.7915125,2.17492127,-0.0279857218,-0.7080487,2.11160421,-0.208250508,0.233078092,1.780266,-0.8899921,0.235367492,2.173048,-0.7914273,0.204253092,2.08590913,0.04529755,-0.305063963,1.92186022,0.1077357,-0.234100908,1.82784688,-0.0138705587,0.976114333,-0.21681419,1.65599179
7.67773628,-0.180618808,0.216494456,2.35216141,-0.191061974,0.214155108,2.03087687,-0.183423832,0.213335767,1.689945,-0.217049569,0.245121956,1.57130289,-0.280987263,0.22934109,1.74433935,-0.4700804,0.3938915,1.88828909,-0.64322114,0.393244267,2.06700253,-0.7147752,0.347860366,2.13421774,0.100038759,0.272281349,1.77628911,0.09452851,-0.0160728488,1.83441126,-0.009813364,-0.223752245,1.91134882,0.0453776,-0.2984907,1.93899369,-0.2755799,0.213507161,2.29135,-0.2513602,-0.147602886,2.01890922,-0.281844884,-0.6522986,2.2443347,-0.2855101,-0.7834194,2.1832304,-0.08026864,0.212956324,2.33129144,0.0162223428,-0.147482976,2.07660747,-0.009201698,-0.706094563,2.20865583,0.0748810843,-0.753328264,2.143176,-0.188091308,0.217901945,1.77752984,-0.783077955,0.3382546,2.20610619,-0.7076948,0.29916665,2.122739,0.0397555977,-0.3917462,1.980549,0.08590486,-0.304427236,1.86457133,-0.0138705587,0.976114333,-0.21681419,1.65599179
7.710741,-0.193892285,0.270331,2.37443852,-0.144331843,0.210591108,2.09547186,-0.09452869,0.150224119,1.80341554,-0.124098584,0.1788992,1.68576837,-0.192425,0.1665912,1.85792375,-0.4050601,0.423156679,1.885625,-0.5889435,0.387311041,2.14806867,-0.628127158,0.374885052,2.206776,0.187887341,0.20942986,1.889322,0.0528839044,0.370463133,1.73487139,0.288272351,0.200857952,1.89493358,0.3744601,0.120598495,1.96230567,-0.2771333,0.2627115,2.31620145,-0.253962785,-0.131378084,2.10147285,-0.288909346,-0.6532042,2.2876296,-0.288395524,-0.780341864,2.20830059,-0.104276955,0.2690095,2.35414672,-0.00695758266,-0.1079171,2.127792,0.008578881,-0.763504863,2.225979,0.0177944787,-0.8726672,2.2179184,-0.107027829,0.165438831,1.87896883,-0.654680967,0.3436589,2.23913527,-0.608161032,0.337692827,2.19223547,0.390728146,0.0444309935,1.97601485,0.403899044,0.07352662,1.94572008,-0.0138705587,0.976114333,-0.21681419,1.65599179
7.74525,-0.2000214,0.1326489,2.38538885,-0.134397626,0.160361841,2.07127428,-0.06885715,0.185995236,1.74411249,-0.0448223762,0.259628862,1.6359055,-0.19184576,0.1676063,1.85402787,-0.37192294,0.435925961,1.92660892,-0.501093745,0.471210867,2.127858,-0.54072237,0.4252298,2.23363638,0.188490137,0.210446164,1.88542163,0.0534728579,0.371474177,1.73097038,0.305417538,0.203625545,1.86841333,0.370226532,0.125446066,1.90912354,-0.2897012,0.124304153,2.32538342,-0.256104648,-0.2648162,2.10575271,-0.23646082,-0.9150599,2.13100219,-0.3202753,-1.01382089,2.10557842,-0.1037681,0.1366027,2.366475,-0.00790851749,-0.244805485,2.15239978,0.007992144,-0.921786368,2.26428032,0.0200600512,-1.03195024,2.22720313,-0.08521802,0.179998368,1.82842577,-0.5642298,0.379750848,2.29638457,-0.5191918,0.374628216,2.22456217,0.386675477,0.0395817123,1.91619158,0.384010315,0.0959887058,1.87883329,-0.0138705587,0.976114333,-0.21681419,1.65599179
7.77725,-0.1885134,0.0420538373,2.36603,-0.169006392,0.138054356,2.05413747,-0.153958827,0.227066189,1.72631788,-0.0980902761,0.289624959,1.62216341,-0.289759517,0.223645687,1.80750263,-0.390688032,0.41977632,2.037147,-0.4819958,0.492996573,2.23941779,-0.46734345,0.408190072,2.26866078,0.0908401757,0.266551673,1.83948207,0.0126094222,0.2343114,1.51081383,0.220738411,0.127551317,1.739342,0.2267207,0.0251294542,1.74505961,-0.2764316,0.03459391,2.31716013,-0.249319211,-0.3441289,2.07862926,-0.269367784,-0.88627255,2.19876742,-0.2577092,-1.01054072,2.12438488,-0.0943046138,0.0481082648,2.33585382,-0.00634107552,-0.348419875,2.15741,0.01016055,-0.8701921,2.34050918,-0.00473169331,-0.9941037,2.263272,-0.158690155,0.205000132,1.81041729,-0.481799126,0.382229269,2.29798841,-0.423512578,0.367681533,2.23028564,0.2438657,-0.0602393635,1.751966,0.242069066,-0.00304636359,1.71446526,-0.0138705587,0.976114333,-0.21681419,1.65599179
7.810258,-0.158980832,-0.195383027,2.30810547,-0.12874411,-0.00827165,2.03327,-0.0979205742,0.1747159,1.74461126,-0.06235835,0.256388038,1.64155138,-0.223704979,0.160368174,1.82754028,-0.3255435,0.3573681,2.05709887,-0.417335927,0.431052268,2.25922465,-0.403346062,0.31944254,2.29221153,0.067361474,0.2163885,1.83092141,0.0183837954,0.278369784,1.53604043,0.226404727,0.171236843,1.76467836,0.301577955,0.146180257,1.88458109,-0.232247144,-0.199940652,2.25884986,-0.240696445,-0.553251565,2.03566146,-0.25973922,-1.08857286,2.15928388,-0.238520652,-1.18449128,2.07401514,-0.08029818,-0.184156016,2.27855849,0.00152203056,-0.546145558,2.15339112,0.0116040306,-1.02326167,2.34398317,0.08026123,-1.10253906,2.30859375,-0.105733484,0.129771978,1.81935263,-0.418683171,0.3145429,2.32712746,-0.381874055,0.3048017,2.24700022,0.365475655,0.101688087,1.89790821,0.347928375,0.168520465,1.872353,-0.0138705587,0.976114333,-0.21681419,1.65599179
7.84477,-0.1576532,-0.203005508,2.33261371,-0.12621133,-0.0160831865,2.04405975,-0.09455456,0.166477352,1.74788177,-0.0617409125,0.254914552,1.645414,-0.2613235,0.131291151,1.89220381,-0.316287637,0.40676254,2.05590272,-0.402148455,0.493365139,2.255524,-0.427066624,0.37617135,2.26664567,0.07267395,0.183968112,1.84574318,0.0236708075,0.246170238,1.550893,0.2069923,0.109766737,1.784665,0.203514546,0.117708713,1.88157415,-0.243928283,-0.207018763,2.28230047,-0.229951039,-0.598095,2.0769248,-0.258586437,-1.07982135,2.16569924,-0.2490362,-1.17711508,2.080511,-0.0637714043,-0.193832889,2.30956554,-0.00344624044,-0.491932422,2.11456943,0.0313695632,-1.00368488,2.31639981,-0.000456307083,-1.12430871,2.244916,-0.102630548,0.121832177,1.8241142,-0.429574132,0.37143743,2.2690475,-0.422137231,0.372666985,2.23940015,0.2259549,0.102946624,1.88265634,0.245945513,0.117708556,1.86933327,-0.0138705587,0.976114333,-0.21681419,1.65599179
7.87777042,-0.12314336,-0.213387519,2.3300488,-0.109541163,-0.0344017074,2.04958582,-0.0891608745,0.134757116,1.75833511,-0.0516913161,0.228143767,1.66081369,-0.257132143,0.189386249,1.86666346,-0.356370181,0.12630035,2.15941024,-0.4493153,0.111659631,2.37340426,-0.472751945,0.0548146367,2.45432568,0.069844164,0.118086383,1.87124407,-0.05233089,0.17525889,1.54580748,0.1501429,0.0390525647,1.76487076,0.141602129,-0.0297530424,1.73433614,-0.2093594,-0.198754832,2.29319072,-0.211267278,-0.5726147,2.051261,-0.236327842,-1.09686613,2.18080115,-0.262629658,-1.171592,2.10193062,-0.0247310232,-0.2266341,2.28494382,0.009134261,-0.6282082,2.11220932,-0.0161889028,-1.06583393,2.33591127,0.02630052,-1.1336602,2.250468,-0.09417755,0.09399342,1.83336461,-0.475186884,0.0516369119,2.45659161,-0.46765995,0.054867208,2.4267776,0.164348528,-0.0436371379,1.73536468,0.184697315,-0.02772779,1.72198641,-0.0138705587,0.976114333,-0.21681419,1.65599179
7.909777,-0.117347308,-0.252787322,2.34547281,-0.09438708,-0.0831929147,2.07029414,-0.07163804,0.0876226649,1.77971756,-0.03591166,0.182568923,1.68505931,-0.246134624,0.101034805,1.88547933,-0.345522046,0.039128378,2.17806077,-0.438554883,0.0251101535,2.3920114,-0.461994618,-0.03170742,2.47292,0.08397525,0.0760820657,1.8912518,0.00311085582,0.11017745,1.61176729,0.169066563,-0.0252050441,1.85678279,0.23990266,-0.110137239,1.92473972,-0.208106413,-0.2469745,2.30531549,-0.208108321,-0.601224542,2.03206563,-0.2362351,-1.10096073,2.18134141,-0.2647553,-1.17327917,2.09934235,-0.0221683439,-0.250640959,2.30443239,0.0208322518,-0.6432991,2.11031842,-0.00272284425,-1.11349225,2.302341,0.0982600749,-1.130648,2.26538658,-0.07740183,0.0455104522,1.8549515,-0.4644905,-0.0344989523,2.47517228,-0.4570425,-0.0307715312,2.44534135,0.2846478,-0.140163869,1.92445433,0.197272629,-0.08157299,1.93505156,-0.0138705587,0.976114333,-0.21681419,1.65599179
7.94529057,-0.11135532,-0.270896852,2.350362,-0.0890504941,-0.09594445,2.076927,-0.06557274,0.0750682652,1.79028988,-0.0322695747,0.171325549,1.69493473,-0.2476245,0.100053973,1.88623512,-0.419678748,-0.0447229929,2.114664,-0.402199835,-0.279929221,2.180452,-0.38241,-0.316505164,2.21379733,0.08627689,0.06070702,1.90894747,0.000905198045,0.11376553,1.61091256,0.166885033,-0.0216552168,1.85593724,0.229413152,-0.116040424,1.92325246,-0.202844784,-0.2592279,2.31029272,-0.2030909,-0.6075023,2.02856255,-0.24604474,-1.11540091,2.176218,-0.2816116,-1.18393278,2.09316683,-0.0159904622,-0.274910569,2.31080627,0.02862033,-0.664054334,2.10948825,-0.0134602757,-1.12240493,2.30541039,0.120161541,-1.11175883,2.29601336,-0.07153183,0.03291731,1.864461,-0.3666344,-0.355949432,2.22994828,-0.3913725,-0.330212116,2.16685724,0.280049562,-0.144831881,1.92895794,0.266117156,-0.09180813,1.94190013,-0.0138705587,0.976114333,-0.21681419,1.65599179
7.977289,-0.112914033,-0.283125967,2.352064,-0.09014674,-0.1022762,2.07940483,-0.06652472,0.07278374,1.79279363,-0.0337741822,0.169210568,1.69810843,-0.2525213,0.0886000842,1.88926721,-0.438525468,-0.06258875,2.04164338,-0.449825376,-0.3093391,2.056627,-0.4478856,-0.39041847,2.086768,0.08693993,0.0615392551,1.91552711,0.000187150348,0.119306646,1.60988462,0.166182727,-0.01617818,1.854931,0.244421422,-0.108362868,1.90429246,-0.204667613,-0.2766052,2.30959582,-0.194614619,-0.624269,2.02749372,-0.245310038,-1.122271,2.17565536,-0.268450081,-1.19338763,2.08910346,-0.01732489,-0.282186717,2.314509,0.0312729925,-0.6687895,2.10853338,-0.0146304732,-1.12240648,2.30409479,0.0907434151,-1.11665738,2.28226686,-0.07250778,0.0298335142,1.86698854,-0.4363518,-0.447870851,2.11763787,-0.45885545,-0.40875113,2.03862476,0.2993912,-0.137763292,1.89999485,0.240033969,-0.183121055,1.82223344,-0.0138705587,0.976114333,-0.21681419,1.65599179
8.010295,-0.11510352,-0.2883043,2.353455,-0.09497867,-0.101065338,2.081534,-0.08286204,0.09041507,1.79905462,-0.0438640155,0.179215625,1.701735,-0.2559596,0.0749508962,1.88830853,-0.463129371,-0.08255947,1.98092949,-0.493194252,-0.3286306,1.95220447,-0.5003727,-0.41752246,1.94835925,0.08260299,0.06342631,1.91952229,0.008842632,0.137554884,1.60481071,0.174759477,0.0018697764,1.84989154,0.248599872,-0.0413066447,1.89742112,-0.206983611,-0.283490479,2.30916643,-0.1929622,-0.6303964,2.02629566,-0.255587727,-1.12222719,2.16835427,-0.249139309,-1.20431316,2.096907,-0.0195496641,-0.285520256,2.318068,0.0337241553,-0.6696181,2.10781455,-0.01514413,-1.12218618,2.30432653,0.11946778,-1.10648644,2.30609512,-0.08510548,0.04149364,1.87196815,-0.4884872,-0.485508144,1.96246374,-0.5320303,-0.439474821,1.90671444,0.3311752,-0.09359496,1.88584554,0.27862823,-0.117500216,1.82208,-0.0138705587,0.976114333,-0.21681419,1.65599179
8.044805,-0.1163385,-0.2871045,2.35595369,-0.0979459062,-0.09803213,2.08432913,-0.08384312,0.09170192,1.79986,-0.0456953943,0.1814598,1.70301974,-0.253688127,0.07194572,1.887547,-0.4748761,-0.0700361356,1.91245329,-0.52301383,-0.3094378,1.85434949,-0.5290479,-0.405070454,1.829566,0.0835348,0.06715302,1.921389,0.02204473,0.165280864,1.5955193,0.187837988,0.0292907581,1.84065235,0.261515379,-0.00464551663,1.88315165,-0.207495987,-0.283190876,2.30964279,-0.192462847,-0.6294014,2.0258255,-0.240079984,-1.17807841,2.15873575,-0.324272,-1.13611019,2.06969357,-0.0218400639,-0.281767219,2.3252418,0.03796414,-0.6643921,2.11365032,-0.0145630166,-1.12221086,2.30563664,0.118839838,-1.096958,2.32536,-0.0869281143,0.04384091,1.87342572,-0.5255922,-0.481014967,1.833601,-0.569396734,-0.4096168,1.8425715,0.331115484,-0.0555766262,1.84548342,0.294461668,-0.08956636,1.796375,-0.0138705587,0.976114333,-0.21681419,1.65599179
8.077805,-0.120944448,-0.271100372,2.3657825,-0.100361586,-0.08937401,2.088211,-0.08360527,0.0935616642,1.800015,-0.0452816263,0.183711633,1.70333159,-0.247210935,0.0695733353,1.88368714,-0.475606233,-0.04350589,1.86455584,-0.5252622,-0.284166336,1.76935625,-0.5303769,-0.377526939,1.736696,0.08604857,0.07017686,1.92157626,0.0277284477,0.1974863,1.5983665,0.196572438,0.06119531,1.84161961,0.278970361,0.0502597876,1.88741386,-0.2111784,-0.27031672,2.31462955,-0.1924222,-0.6183966,2.03339219,-0.2335217,-1.13825822,2.17936969,-0.281488538,-1.19095,2.08434558,-0.02693935,-0.2627843,2.339811,0.0416401178,-0.646698833,2.13376665,-0.0136768958,-1.121431,2.30734563,0.108268291,-1.0806576,2.34596682,-0.08719254,0.0473790765,1.87421751,-0.5238952,-0.4554245,1.740234,-0.564784348,-0.388066947,1.69767642,0.370284,0.0370943062,1.8950665,0.312440038,-0.0188107714,1.83223522,-0.0138705587,0.976114333,-0.21681419,1.65599179
8.110809,-0.121610835,-0.225294858,2.38827586,-0.097017616,-0.08209471,2.09480572,-0.07343504,0.08436561,1.8019079,-0.0343646966,0.174294248,1.70559788,-0.238101378,0.0753001,1.8779242,-0.47043255,-0.01205016,1.83534408,-0.5121106,-0.243921131,1.72156322,-0.5148061,-0.339081973,1.67776966,0.090343304,0.075834,1.92211592,0.02449586,0.150945768,1.60875428,0.230948836,0.112138644,1.85647511,0.304698646,0.07207332,1.89249361,-0.211804435,-0.219635144,2.3380065,-0.192473933,-0.5768581,2.06928825,-0.20632118,-1.13453376,2.2017293,-0.270672619,-1.16646433,2.10173416,-0.0273829829,-0.227056175,2.357887,0.0452621877,-0.6071987,2.143559,0.0001366174,-1.11316371,2.31483436,0.107788086,-1.1015625,2.31835938,-0.0812600553,0.04428507,1.87676048,-0.5156722,-0.41186747,1.67232025,-0.5386228,-0.3455342,1.630525,0.3948877,0.0441267677,1.89648867,0.32722646,-0.0146642951,1.798,-0.0138705587,0.976114333,-0.21681419,1.65599179
8.145319,-0.120731533,-0.233098075,2.38639426,-0.09776546,-0.07284833,2.09282875,-0.07686807,0.114156328,1.78668153,-0.0377965234,0.205580145,1.69035339,-0.227756977,0.08730108,1.87102687,-0.461741269,-0.004153153,1.8298856,-0.4971524,-0.2362534,1.69886565,-0.489191562,-0.3268448,1.64547181,0.09814723,0.08869579,1.92312074,0.0263781361,0.155381277,1.6113019,0.178813517,0.141070873,1.87500513,0.247644186,0.110176444,1.90246356,-0.209237009,-0.231440008,2.3342576,-0.188920453,-0.591016233,2.06961322,-0.220527753,-1.13900959,2.18996477,-0.278663665,-1.18200481,2.093656,-0.0275696013,-0.229739338,2.35784984,0.0435670651,-0.617433667,2.16072631,0.027151335,-1.11329246,2.32538557,0.146623313,-1.07347965,2.36714458,-0.0824814439,0.06625257,1.86698866,-0.481805354,-0.399679035,1.64290214,-0.5148049,-0.332483262,1.60120678,0.331073642,0.07507842,1.92406976,0.17369847,0.0771971,1.9095,-0.0138705587,0.976114333,-0.21681419,1.65599179
8.17832,-0.121845126,-0.231930733,2.384547,-0.09741444,-0.0586544536,2.08917952,-0.07325414,0.121619761,1.78398478,-0.0340301879,0.213328779,1.68764019,-0.221930951,0.0929524451,1.86539912,-0.452952236,0.0018961227,1.82128346,-0.480424941,-0.2358593,1.69391954,-0.461483359,-0.32256487,1.64651227,0.111445367,0.1125635,1.9186933,0.0300748814,0.1563388,1.60389566,0.181392789,0.137725621,1.8633368,0.250458926,0.109486364,1.915954,-0.211397976,-0.230263978,2.330894,-0.185358927,-0.581401348,2.05375719,-0.215548828,-1.126251,2.19444585,-0.262745619,-1.1833936,2.10356,-0.0281880144,-0.227953315,2.35720277,0.0528864972,-0.5855813,2.15119648,-0.0252074543,-1.10929668,2.30839348,0.109519213,-1.08903527,2.32565022,-0.07912397,0.076742284,1.86328328,-0.453644663,-0.396838367,1.63787186,-0.461361945,-0.3352619,1.58754182,0.332381219,0.07008974,1.93977749,0.176729918,0.0800083056,1.91462791,-0.0138705587,0.976114333,-0.21681419,1.65599179
8.210324,-0.121940784,-0.231961444,2.38444757,-0.09774869,-0.0536363348,2.0882895,-0.07308504,0.131705508,1.7804302,-0.0338412374,0.223810554,1.68403506,-0.2169662,0.101090178,1.85926282,-0.445315361,0.001259099,1.82522142,-0.455826253,-0.245243177,1.71314371,-0.433109134,-0.338947535,1.6808542,0.112518705,0.112615675,1.920601,0.0296027921,0.152298018,1.60824418,0.1797217,0.131059036,1.86809087,0.193175629,0.111174062,1.91995609,-0.211335868,-0.230407581,2.33020067,-0.184567451,-0.5957709,2.07562613,-0.216629133,-1.12343681,2.19801259,-0.249399036,-1.18510854,2.10234261,-0.028710803,-0.227697074,2.35772085,0.0496458225,-0.6202505,2.17712712,0.0108357035,-1.04791081,2.35755157,0.144273624,-1.06073713,2.36819935,-0.0792245343,0.0858380944,1.86028433,-0.411217958,-0.413384169,1.67767811,-0.437862068,-0.354902,1.6114,0.2759733,0.0601986051,1.94733071,0.138319135,0.07625134,1.92874992,-0.0138705587,0.976114333,-0.21681419,1.65599179
8.244834,-0.129379153,-0.219646052,2.38147259,-0.0973197743,-0.03971834,2.0852623,-0.0653229654,0.141541392,1.77635658,-0.0142106488,0.230780765,1.67885029,-0.211670056,0.105920881,1.85442233,-0.434019417,-0.00771429669,1.83966744,-0.427096158,-0.279283762,1.76285493,-0.411383331,-0.364683628,1.73676741,0.122254834,0.113070183,1.93051946,0.0297747832,0.131710082,1.63506174,0.1786089,0.108914167,1.89387012,0.1892359,0.0937475339,1.941924,-0.219646811,-0.214553,2.32398987,-0.180670366,-0.5744298,2.06147027,-0.213764817,-1.10568583,2.20966387,-0.240911454,-1.17126465,2.115558,-0.0355133861,-0.217085645,2.35825562,0.0530759133,-0.6013152,2.17923212,0.010174172,-1.04880714,2.35725141,0.07882268,-1.10579073,2.28547668,-0.07343282,0.09650361,1.85641766,-0.371901929,-0.4407044,1.74474931,-0.447418839,-0.382277548,1.709841,0.262482852,0.0429817736,1.97881317,0.134532511,0.0621312745,1.94550014,-0.0138705587,0.976114333,-0.21681419,1.65599179
8.277834,-0.133220941,-0.212936863,2.38097382,-0.09467861,-0.0322338343,2.08473372,-0.05236289,0.150345415,1.77496576,-0.00117061508,0.238117486,1.67823839,-0.2084926,0.111537658,1.85021544,-0.42188254,-0.0263210982,1.8812685,-0.41774866,-0.284851134,1.826413,-0.401811779,-0.373660475,1.81165016,0.130224884,0.111517034,1.9419682,0.0498454049,0.158779621,1.60578418,0.198223844,0.135404378,1.86427116,0.177493885,0.113332652,1.93964481,-0.222751841,-0.205168277,2.32367325,-0.181655735,-0.5793526,2.08618784,-0.209236413,-1.11576033,2.20917773,-0.240389928,-1.177563,2.112386,-0.0395083278,-0.212888256,2.35823274,0.047353588,-0.610706747,2.198573,0.010495726,-1.04898119,2.35861444,0.0132073481,-1.12035489,2.262019,-0.0636529,0.1051591,1.855172,-0.3647861,-0.4534432,1.8252964,-0.4354488,-0.398466945,1.78751719,0.226789013,0.060023658,1.96825385,0.141125768,0.08749869,1.91925013,-0.0138705587,0.976114333,-0.21681419,1.65599179
8.310838,-0.138075233,-0.2053638,2.38217568,-0.091403,-0.0267049037,2.08726573,-0.0382477529,0.154014692,1.78091693,0.0433411524,0.231121361,1.69059718,-0.204916,0.113195412,1.84889412,-0.4124487,-0.02314344,1.894153,-0.40966928,-0.272305071,1.88815331,-0.396305174,-0.365069538,1.88924229,0.131399259,0.10705857,1.952475,0.0418434441,0.1544896,1.61741519,0.1903018,0.131176829,1.87586927,0.16784063,0.107526317,1.95251369,-0.22584869,-0.1951862,2.325067,-0.182780832,-0.5707332,2.09024072,-0.214690551,-1.10822213,2.20962644,-0.236471087,-1.17598975,2.11616826,-0.0459566154,-0.207636937,2.359788,0.0450487547,-0.605369,2.202574,0.0101522971,-1.04960883,2.36098838,0.0148194768,-1.11918938,2.2620306,-0.0525750667,0.10966976,1.85997844,-0.352014959,-0.448800325,1.91271007,-0.4294723,-0.394436568,1.87034774,0.22661604,0.0566130131,1.99038208,0.1310468,0.06620254,1.93191671,-0.0138705587,0.976114333,-0.21681419,1.65599179
8.345347,-0.138164416,-0.207022727,2.38049245,-0.08704687,-0.025284037,2.08723,-0.0267240722,0.159763008,1.78350735,0.0486495458,0.234971046,1.691373,-0.197476462,0.116236128,1.848364,-0.402493149,-0.0141315022,1.92037642,-0.406259239,-0.259365231,1.95068991,-0.3956656,-0.3452959,1.96346414,0.127427474,0.103368074,1.95869327,0.029769538,0.135134339,1.66934323,0.17830129,0.112074211,1.9277755,0.164357454,0.09129971,1.97897279,-0.225106239,-0.19622843,2.32353354,-0.182433963,-0.5728736,2.09078646,-0.212392479,-1.10263169,2.21658015,-0.236118734,-1.16826177,2.120755,-0.0471393727,-0.210634559,2.35779762,0.0446115658,-0.609452,2.20525718,0.0006010442,-1.05246389,2.3733356,0.0237222761,-1.11441326,2.26882124,-0.04227693,0.11420849,1.861824,-0.363084078,-0.4152897,2.00208569,-0.435329735,-0.365139157,1.9602778,0.210508659,0.0555528961,2.02625537,0.11982435,0.05617793,1.93574989,-0.0138705587,0.976114333,-0.21681419,1.65599179
8.377346,-0.13908127,-0.208499253,2.37828565,-0.0833653361,-0.0230212547,2.08810663,-0.01653492,0.167398021,1.7898035,0.05941937,0.243568078,1.69757521,-0.186334312,0.123351589,1.84944558,-0.396945328,0.00193029386,1.94565165,-0.4069564,-0.237167656,2.00107312,-0.400477916,-0.30423972,2.026978,0.124758475,0.102040544,1.96786165,0.195475489,-0.04044963,2.17322016,0.24967514,-0.276860029,2.10589957,0.2350767,-0.302278668,2.083399,-0.2249582,-0.197102,2.320652,-0.182657108,-0.576780558,2.0938983,-0.2203808,-1.099963,2.217992,-0.245501772,-1.16609526,2.12347245,-0.04920289,-0.21303761,2.35614371,0.02662924,-0.6227683,2.23812723,-0.0172382444,-0.995872438,2.38874769,0.00153691694,-1.10302281,2.27865767,-0.0335728638,0.120350584,1.86654437,-0.382458419,-0.37097,2.06869,-0.448461354,-0.299452454,2.043857,0.229175508,-0.366708,2.04746842,0.202319726,-0.311444849,2.06339264,-0.0138705587,0.976114333,-0.21681419,1.65599179
8.411353,-0.141120136,-0.213794112,2.372651,-0.0802091062,-0.0211489461,2.08831215,-0.00762214325,0.176967159,1.79499733,0.070314385,0.251869053,1.70265234,-0.172957972,0.133291155,1.85343826,-0.393789142,0.03766183,1.97993755,-0.412549943,-0.199080348,2.04160476,-0.406458467,-0.2688331,2.07537055,0.122898638,0.09924662,1.98318267,0.18919301,-0.0412064828,2.20434618,0.238329142,-0.2836611,2.16721869,0.220631823,-0.2895719,2.15615058,-0.224782959,-0.199723646,2.31596971,-0.182594314,-0.580947638,2.09244323,-0.221048474,-1.09998,2.21776772,-0.247791588,-1.16597676,2.123865,-0.05408358,-0.221859366,2.3497417,0.0255562272,-0.6315893,2.23668885,-0.002749309,-1.09935188,2.35334659,0.006316577,-1.14181328,2.2299943,-0.0260047242,0.127691135,1.87029874,-0.370447665,-0.332247764,2.12409949,-0.450892985,-0.2682774,2.08616662,0.214702919,-0.3547883,2.136216,0.184647,-0.305014342,2.13604784,-0.0138705587,0.976114333,-0.21681419,1.65599179
8.444865,-0.147982374,-0.218632668,2.363819,-0.0776853561,-0.0176283251,2.08791351,0.00419032,0.1921822,1.80139256,0.08365544,0.269310832,1.70971942,-0.160665289,0.143771157,1.85789919,-0.381692439,0.07514751,1.99074519,-0.414559275,-0.15578793,2.06461954,-0.413965523,-0.209646389,2.09685969,0.129475161,0.110192381,2.00478625,0.189712152,-0.0282659046,2.22696066,0.232102334,-0.272686183,2.2292707,0.209315076,-0.2684698,2.22025013,-0.228972867,-0.203574792,2.30500078,-0.18389973,-0.5882072,2.089485,-0.2541485,-1.08866286,2.19695854,-0.236449525,-1.17248464,2.13117814,-0.06274064,-0.226975366,2.34333229,0.0233477112,-0.6339977,2.22239,-0.00285470416,-1.09935129,2.3534534,0.00289734825,-1.14062,2.22904468,-0.0167213511,0.139808416,1.874684,-0.377760082,-0.2841303,2.15381122,-0.4564157,-0.235309213,2.12007713,0.188627854,-0.333129,2.21171331,0.173166618,-0.263192147,2.20215034,-0.0138705587,0.976114333,-0.21681419,1.65599179
8.476864,-0.156876549,-0.220745444,2.347999,-0.07397227,-0.00934782252,2.08421874,0.0166938733,0.21053876,1.80512047,0.09576112,0.284622341,1.7123841,-0.148665935,0.16257982,1.86338472,-0.382556647,0.107546538,2.011388,-0.420329273,-0.118532814,2.09554744,-0.418768257,-0.184810981,2.12761164,0.153274387,0.151389867,2.03025746,0.199304819,0.00167251506,2.26698351,0.213276029,-0.2457811,2.27563,0.196821064,-0.2640638,2.275284,-0.234318644,-0.2041531,2.28735638,-0.186630934,-0.594770432,2.086288,-0.254155338,-1.08897722,2.1967504,-0.245778173,-1.17495143,2.13564253,-0.07464209,-0.230193526,2.32936168,0.0218266,-0.636949539,2.220069,-0.006533487,-1.10306585,2.3521204,-0.0135227367,-1.14356411,2.22737646,-0.006323304,0.155965388,1.87653947,-0.38908878,-0.2437888,2.17816973,-0.456419617,-0.1978305,2.13643765,0.172114164,-0.2970784,2.263603,0.162530631,-0.244697049,2.2588,-0.0138705587,0.976114333,-0.21681419,1.65599179
8.51087,-0.158572048,-0.220096067,2.34270954,-0.0701900944,-0.00124382612,2.082291,0.02417264,0.222966135,1.80921781,0.103857808,0.297397226,1.71612942,-0.141422823,0.170751631,1.8664999,-0.3862343,0.134672135,2.03050971,-0.421205223,-0.09758018,2.10110354,-0.420425951,-0.1312406,2.12402153,0.153257579,0.152304232,2.029846,0.205824852,0.0138545744,2.281856,0.2155364,-0.229002073,2.321719,0.1887701,-0.241133213,2.32080126,-0.2353516,-0.202930391,2.281343,-0.189410642,-0.5958358,2.08542085,-0.247974351,-1.09095728,2.205883,-0.253534347,-1.17150354,2.12976265,-0.07669592,-0.229983136,2.32497525,0.0191932544,-0.637189,2.21759224,-0.0067413426,-1.1035589,2.34984255,-0.07651801,-1.13158655,2.247882,0.0005590684,0.167720109,1.87937891,-0.39349103,-0.210358426,2.1856885,-0.4566896,-0.1631594,2.14557171,0.164316654,-0.257202536,2.33102512,0.158906549,-0.237861335,2.31371427,-0.0138705587,0.976114333,-0.21681419,1.65599179
8.54538,-0.15461275,-0.219562143,2.33520746,-0.0640810654,0.00609637843,2.08029485,0.0296463352,0.233699784,1.81280553,0.110677093,0.3117504,1.72079945,-0.136759877,0.1795164,1.86984038,-0.3822882,0.151340976,2.036039,-0.420496821,-0.08233989,2.10142565,-0.4203108,-0.120919876,2.1303823,0.153938174,0.164321259,2.01830769,0.215095162,0.0376390144,2.29248548,0.210827515,-0.206637561,2.32741356,0.186163217,-0.208990291,2.342446,-0.232006863,-0.203025118,2.27272487,-0.190567032,-0.599005759,2.083642,-0.248292446,-1.087554,2.20442438,-0.251202136,-1.17021,2.13294554,-0.07219233,-0.228810653,2.3185854,0.0181131084,-0.638316035,2.21858954,-0.008457291,-1.104286,2.34937215,0.08813128,-1.13173163,2.30355954,0.0063364394,0.177584484,1.881747,-0.398488522,-0.191062242,2.18679452,-0.4613875,-0.1271659,2.1473,0.166876718,-0.22887139,2.336776,0.153652817,-0.200825959,2.3295,-0.0138705587,0.976114333,-0.21681419,1.65599179
8.577378,-0.1498295,-0.220186353,2.3279388,-0.0591147579,0.0116380211,2.07867217,0.0344596319,0.245020315,1.81635451,0.11419484,0.322700977,1.723618,-0.133982211,0.188651487,1.87384665,-0.379468352,0.161445975,2.040607,-0.4199049,-0.07378623,2.100305,-0.419440836,-0.114576034,2.12356544,0.156529263,0.172326848,2.01757169,0.2245642,0.0549100041,2.29359627,0.212667733,-0.185649157,2.34386849,0.186083123,-0.190348715,2.354405,-0.227559954,-0.203953788,2.26472664,-0.190546408,-0.602982163,2.08304,-0.2534025,-1.07835269,2.20624971,-0.246123075,-1.16330874,2.1406045,-0.06721332,-0.2290525,2.31217217,0.0208964515,-0.6395507,2.21646,0.003388268,-1.105016,2.349856,-0.03920742,-1.12912631,2.226059,0.011287678,0.187299341,1.88397,-0.396131724,-0.185181543,2.173797,-0.4595731,-0.1290947,2.140424,0.168584138,-0.208928913,2.342187,0.167965546,-0.181247711,2.34552932,-0.0138705587,0.976114333,-0.21681419,1.65599179
8.610386,-0.146238521,-0.22011368,2.3220768,-0.0556163155,0.0159437452,2.07704067,0.037050914,0.2519655,1.81814051,0.11679595,0.332732,1.72606122,-0.131599486,0.195623249,1.87534213,-0.37850523,0.161955968,2.04144216,-0.418733984,-0.07407971,2.09869671,-0.4160049,-0.124638222,2.10978866,0.162486121,0.182543471,2.02291656,0.228359386,0.0640855,2.293889,0.216309831,-0.17605792,2.34587145,0.19289346,-0.1822398,2.351872,-0.2230584,-0.205006242,2.25653028,-0.188845769,-0.606698036,2.08208418,-0.2544863,-1.08230627,2.20387173,-0.245832592,-1.167416,2.13915515,-0.06444569,-0.228129357,2.30823231,0.0216010064,-0.639540434,2.21662283,0.0180014372,-1.10003161,2.342181,-0.0536082238,-1.13244236,2.24497819,0.0141584929,0.193674192,1.885008,-0.394625247,-0.2046505,2.15932679,-0.458851755,-0.13734135,2.127222,0.1759535,-0.202342123,2.35498834,0.165471628,-0.17332758,2.336,-0.0138705587,0.976114333,-0.21681419,1.65599179
8.6439,-0.141371712,-0.220397979,2.317941,-0.0521421656,0.0203023236,2.07562637,0.0384791419,0.260571748,1.81918848,0.118349314,0.339540273,1.7267642,-0.129607,0.198983878,1.87629187,-0.375032067,0.15539816,2.04158449,-0.4093933,-0.085665375,2.08372736,-0.408436775,-0.1451907,2.0917275,0.163973719,0.187648371,2.02240276,0.232577279,0.06887346,2.29189229,0.222738,-0.172429934,2.3400116,0.203736454,-0.182363749,2.33953476,-0.218467832,-0.206347555,2.25154424,-0.186271712,-0.609972954,2.0827558,-0.2466829,-1.0783931,2.1988945,-0.236621231,-1.16638291,2.14694238,-0.0594392568,-0.2272841,2.30503082,0.0269404035,-0.638741136,2.21443,0.03522846,-1.03708625,2.34782028,-0.00766194239,-1.11244249,2.27671,0.01619152,0.201175421,1.88550687,-0.389319837,-0.231474325,2.14666915,-0.450837284,-0.156129032,2.10746145,0.184089214,-0.206874147,2.33838081,0.177604958,-0.172482833,2.32570028,-0.0138705587,0.976114333,-0.21681419,1.65599179
8.677901,-0.135741577,-0.22227405,2.3135426,-0.0492656566,0.0232783183,2.07463074,0.0393704139,0.268383384,1.82085264,0.119013675,0.346443772,1.727892,-0.127948523,0.201306954,1.87711525,-0.365182251,0.126619726,2.034136,-0.39440164,-0.118765734,2.05662012,-0.394929677,-0.185058042,2.07117319,0.165728837,0.191859,2.02265835,0.234322429,0.06963224,2.287992,0.249750584,-0.176086366,2.31292629,0.219678059,-0.198231027,2.3142395,-0.213125214,-0.208953708,2.24686813,-0.1785086,-0.6170631,2.09441257,-0.224125773,-1.08237064,2.2244885,-0.246699929,-1.15727973,2.142428,-0.0538183823,-0.228243291,2.30113626,0.0347255133,-0.639518559,2.21345568,0.0374921821,-1.04060256,2.352712,-0.00527780131,-1.11620557,2.28210282,0.0176815633,0.207624421,1.88646567,-0.378814161,-0.2626382,2.10914731,-0.433671921,-0.198762536,2.084625,0.202455863,-0.226231858,2.31564426,0.189882278,-0.188447684,2.30512524,-0.0138705587,0.976114333,-0.21681419,1.65599179
8.710906,-0.0567772537,-0.301881641,2.18211651,-0.006406158,-0.00527902041,2.012582,0.0404378,0.27322042,1.8231622,0.1188859,0.351623416,1.72961557,-0.127420083,0.203578666,1.87745917,-0.352333874,0.0845782459,2.01716924,-0.375243545,-0.1626385,2.029168,-0.373614728,-0.239562064,2.04735231,0.167279124,0.19621262,2.02195168,0.235466182,0.0613393262,2.27360582,0.26069513,-0.1860883,2.274875,0.238302082,-0.212467059,2.275555,-0.132575229,-0.2897198,2.11902118,-0.170702189,-0.6510168,2.08125162,-0.217905253,-1.08566654,2.22577715,-0.250112563,-1.15840912,2.14589834,0.0209891926,-0.3031784,2.166699,0.04366313,-0.65548563,2.21509314,0.03840979,-1.03990042,2.35611248,-0.001175294,-1.11538363,2.27991533,0.0219221953,0.209211558,1.88326156,-0.350619823,-0.316782564,2.091625,-0.406458467,-0.251544,2.03960013,0.2159692,-0.257980257,2.28232646,0.2096953,-0.202201948,2.26611114,-0.0138705587,0.976114333,-0.21681419,1.65599179
8.745415,-0.05607201,-0.3027739,2.18256354,-0.00633509876,-0.00539784273,2.012811,0.04032829,0.276852936,1.8255192,0.117993146,0.356967,1.73233521,-0.12740913,0.203584462,1.8775233,-0.33685872,0.0553970821,1.99395418,-0.346915156,-0.19391641,1.9858315,-0.3461903,-0.2660738,2.00348234,0.165856764,0.194269091,2.01999164,0.2338301,0.0438698269,2.252929,0.272512257,-0.202039734,2.245256,0.258929759,-0.216763765,2.23396659,-0.132223815,-0.2904969,2.119477,-0.1670304,-0.644712031,2.07939219,-0.214009792,-1.08945954,2.22713017,-0.232202053,-1.16227531,2.139317,0.0221312717,-0.3042013,2.16714621,0.053584028,-0.644871533,2.21212435,0.0396369062,-1.03339922,2.36159372,0.0011813743,-1.1095556,2.28257346,0.02313679,0.210033759,1.8826915,-0.3454867,-0.3314099,2.02471733,-0.380784541,-0.280163258,1.99046659,0.240664735,-0.285115242,2.23423076,0.228765532,-0.209801644,2.22878981,-0.0138705587,0.976114333,-0.21681419,1.65599179
8.777413,-0.0548235625,-0.303376973,2.18395257,-0.00615783967,-0.00522001833,2.01395965,0.0396356136,0.280755758,1.82878315,0.116992228,0.36226058,1.73611522,-0.127299234,0.203555718,1.87761509,-0.320146829,0.04079771,1.96964574,-0.3105461,-0.208636716,1.95063078,-0.307935268,-0.300884664,1.9644382,0.165346369,0.193617061,2.01925325,0.2357032,0.0328073055,2.23747778,0.282424361,-0.209774971,2.19402862,0.271558255,-0.2406655,2.18761373,-0.131294876,-0.291155636,2.12120128,-0.163007244,-0.643232942,2.07909179,-0.198058546,-1.0927068,2.23212743,-0.234473258,-1.15601873,2.13965869,0.0236694086,-0.30474925,2.16826057,0.059030544,-0.64722836,2.21323681,0.0342824,-1.04198861,2.37356448,0.00650059246,-1.112511,2.281627,0.02386218,0.211219087,1.8829962,-0.282259941,-0.377067745,1.99246764,-0.3422422,-0.322673529,1.93692839,0.264786929,-0.3079753,2.17673564,0.241053909,-0.244949222,2.18169212,-0.0138705587,0.976114333,-0.21681419,1.65599179
